{
  "test": [
    {
      "question": "Цвет молока?",
      "response": "белый"
    },
    {
      "question": "Какую \"змею\" изучают в Яндекс.Лицее (писать на русском)?",
      "response": "питон"
    },
    {
      "question": "Какого числа отмечают день Победы (напишите цифру)?",
      "response": "9"
    },
        {
      "question": "Фамилия президента РФ?",
      "response": "путин"
    },
        {
      "question": "Столица Башкортостана (город)?",
      "response": "уфа"
    },
        {
      "question": "Какой сейчас год (цифра)?",
      "response": "2021"
    },
        {
      "question": "Как называется занятие написания кода?",
      "response": "программирвание"
    },
            {
      "question": "Библиотека для написания сервера на Python (она была в курсе у нас)?",
      "response": "flask"
    },
            {
      "question": "Имя президент РФ?",
      "response": "владимир"
    },
                {
      "question": "Цвет неба (не голубой)?",
      "response": "синий"
    }
  ]
}